{"cameraMode":{"drawMode":0,"name":"Shaded","section":"Shading Mode"},"sceneLighting":false,"audioPlay":false,"sceneViewState":{"showFog":true,"showMaterialUpdate":false,"showSkybox":true,"showFlares":true,"showImageEffects":true,"showParticleSystems":true},"in2DMode":false,"pivot":{"x":3.569000005722046,"y":0.8411564826965332,"z":0.8312762975692749},"rotation":{"x":0.6442780494689941,"y":0.32591575384140017,"z":-0.3528158366680145,"w":0.5951710939407349},"size":4.0497846603393559,"orthographic":false}